encoder,layer,method,param,cv_mean,point,ci_lo,ci_hi,d_vs_xllex,d_lo,d_hi,d_verdict
bert-base-chinese,0,f_SUS,100,-0.159,-0.0828,-0.4231,0.2397,-0.8687,-1.1901,-0.5198,显著更差
bert-base-chinese,0,f_OT,N/A,-0.1012,-0.0987,-0.4346,0.2234,-0.8774,-1.2104,-0.5129,显著更差
bert-base-chinese,0,f_APD,N/A,-0.1149,-0.1261,-0.4347,0.1923,-0.8598,-1.1838,-0.4697,显著更差
bert-base-chinese,0,f_PRT,N/A,-0.1834,-0.1986,-0.4929,0.1191,-0.9004,-1.1916,-0.5581,显著更差
bert-base-chinese,1,f_SUS,100,0.4224,0.4604,0.1583,0.6895,-0.3255,-0.6097,-0.0693,显著更差
bert-base-chinese,1,f_OT,N/A,0.4182,0.4557,0.1474,0.6835,-0.323,-0.6003,-0.0591,显著更差
bert-base-chinese,1,f_APD,N/A,0.3297,0.3456,0.0283,0.6254,-0.3881,-0.7054,-0.0487,显著更差
bert-base-chinese,1,f_PRT,N/A,0.3866,0.3919,0.084,0.6561,-0.3099,-0.4999,-0.1051,显著更差
bert-base-chinese,2,f_SUS,200,0.5175,0.5837,0.3154,0.7621,-0.2022,-0.464,0.0412,区分不开
bert-base-chinese,2,f_OT,N/A,0.5054,0.5657,0.2868,0.7541,-0.2131,-0.4879,0.0489,区分不开
bert-base-chinese,2,f_APD,N/A,0.4686,0.5293,0.2663,0.717,-0.2044,-0.4769,0.055,区分不开
bert-base-chinese,2,f_PRT,N/A,0.5378,0.5642,0.2936,0.7638,-0.1376,-0.2936,0.0146,区分不开
bert-base-chinese,3,f_SUS,10,0.5787,0.6447,0.4139,0.7973,-0.1412,-0.3675,0.093,区分不开
bert-base-chinese,3,f_OT,N/A,0.5869,0.6449,0.4139,0.7973,-0.1338,-0.367,0.1004,区分不开
bert-base-chinese,3,f_APD,N/A,0.5344,0.5855,0.3452,0.7479,-0.1481,-0.3981,0.1046,区分不开
bert-base-chinese,3,f_PRT,N/A,0.6256,0.6638,0.4425,0.8115,-0.038,-0.1654,0.1013,区分不开
bert-base-chinese,4,f_SUS,1000,0.6835,0.7511,0.5873,0.845,-0.0348,-0.1791,0.1394,区分不开
bert-base-chinese,4,f_OT,N/A,0.7086,0.7438,0.5675,0.85,-0.0349,-0.175,0.1259,区分不开
bert-base-chinese,4,f_APD,N/A,0.6888,0.7288,0.5636,0.8318,-0.0049,-0.1547,0.1477,区分不开
bert-base-chinese,4,f_PRT,N/A,0.6443,0.6764,0.4646,0.8254,-0.0254,-0.1305,0.0975,区分不开
bert-base-chinese,5,f_SUS,200,0.7139,0.7582,0.5979,0.8503,-0.0277,-0.1515,0.1313,区分不开
bert-base-chinese,5,f_OT,N/A,0.7252,0.7592,0.6029,0.8527,-0.0196,-0.1549,0.1506,区分不开
bert-base-chinese,5,f_APD,N/A,0.6905,0.7085,0.5169,0.8357,-0.0252,-0.1811,0.1458,区分不开
bert-base-chinese,5,f_PRT,N/A,0.6055,0.6384,0.416,0.7962,-0.0634,-0.1677,0.0464,区分不开
bert-base-chinese,6,f_SUS,100,0.6801,0.7278,0.5427,0.8378,-0.0581,-0.1939,0.098,区分不开
bert-base-chinese,6,f_OT,N/A,0.6848,0.7296,0.5527,0.8362,-0.0492,-0.1903,0.1072,区分不开
bert-base-chinese,6,f_APD,N/A,0.6106,0.6579,0.4326,0.7987,-0.0758,-0.251,0.1019,区分不开
bert-base-chinese,6,f_PRT,N/A,0.6089,0.6406,0.4276,0.791,-0.0612,-0.1906,0.0696,区分不开
bert-base-chinese,7,f_SUS,100,0.6599,0.7109,0.5311,0.8253,-0.075,-0.2,0.0595,区分不开
bert-base-chinese,7,f_OT,N/A,0.6772,0.7191,0.544,0.8273,-0.0597,-0.1827,0.0811,区分不开
bert-base-chinese,7,f_APD,N/A,0.6184,0.6409,0.4148,0.7911,-0.0928,-0.26,0.0678,区分不开
bert-base-chinese,7,f_PRT,N/A,0.6062,0.64,0.423,0.7918,-0.0618,-0.163,0.0356,区分不开
bert-base-chinese,8,f_SUS,10,0.6779,0.7282,0.5473,0.8415,-0.0577,-0.1807,0.0788,区分不开
bert-base-chinese,8,f_OT,N/A,0.6974,0.7365,0.5608,0.8447,-0.0423,-0.1695,0.1038,区分不开
bert-base-chinese,8,f_APD,N/A,0.6196,0.6512,0.422,0.8004,-0.0825,-0.2334,0.0683,区分不开
bert-base-chinese,8,f_PRT,N/A,0.6229,0.6544,0.4313,0.8086,-0.0474,-0.1462,0.0597,区分不开
bert-base-chinese,9,f_SUS,100,0.693,0.7279,0.5287,0.8539,-0.058,-0.1666,0.0547,区分不开
bert-base-chinese,9,f_OT,N/A,0.7182,0.7334,0.5345,0.8589,-0.0453,-0.1551,0.0736,区分不开
bert-base-chinese,9,f_APD,N/A,0.6424,0.6643,0.44,0.8096,-0.0694,-0.2267,0.0848,区分不开
bert-base-chinese,9,f_PRT,N/A,0.6436,0.6681,0.4473,0.8252,-0.0337,-0.1369,0.0714,区分不开
bert-base-chinese,10,f_SUS,10,0.6835,0.7017,0.4762,0.8474,-0.0842,-0.1975,0.0095,区分不开
bert-base-chinese,10,f_OT,N/A,0.6908,0.7052,0.4839,0.8484,-0.0735,-0.187,0.0245,区分不开
bert-base-chinese,10,f_APD,N/A,0.5937,0.6215,0.3731,0.786,-0.1122,-0.2758,0.0376,区分不开
bert-base-chinese,10,f_PRT,N/A,0.6055,0.6252,0.3893,0.7967,-0.0766,-0.1948,0.035,区分不开
bert-base-chinese,11,f_SUS,10,0.658,0.6734,0.4417,0.8315,-0.1125,-0.2476,0.0087,区分不开
bert-base-chinese,11,f_OT,N/A,0.6636,0.6743,0.4417,0.8282,-0.1044,-0.2392,0.0209,区分不开
bert-base-chinese,11,f_APD,N/A,0.5816,0.6031,0.3402,0.7809,-0.1306,-0.2969,0.0226,区分不开
bert-base-chinese,11,f_PRT,N/A,0.5815,0.6119,0.3734,0.781,-0.0899,-0.2179,0.0305,区分不开
bert-base-chinese,12,f_SUS,100,0.7142,0.7431,0.5622,0.8549,-0.0428,-0.1866,0.1281,区分不开
bert-base-chinese,12,f_OT,N/A,0.7175,0.7515,0.5794,0.8544,-0.0272,-0.171,0.143,区分不开
bert-base-chinese,12,f_APD,N/A,0.6194,0.6429,0.4335,0.7792,-0.0908,-0.2438,0.0607,区分不开
bert-base-chinese,12,f_PRT,N/A,0.6855,0.7086,0.507,0.8421,0.0068,-0.1025,0.1399,区分不开
chinese-roberta-wwm-ext,0,f_SUS,200,-0.1605,-0.105,-0.4349,0.2103,-0.8909,-1.2209,-0.5418,显著更差
chinese-roberta-wwm-ext,0,f_OT,N/A,-0.1289,-0.1419,-0.4717,0.1683,-0.9207,-1.2402,-0.5602,显著更差
chinese-roberta-wwm-ext,0,f_APD,N/A,-0.2044,-0.2093,-0.5228,0.1068,-0.943,-1.2694,-0.5394,显著更差
chinese-roberta-wwm-ext,0,f_PRT,N/A,-0.1373,-0.1701,-0.4798,0.1557,-0.8719,-1.1883,-0.506,显著更差
chinese-roberta-wwm-ext,1,f_SUS,500,0.4286,0.5023,0.2282,0.7113,-0.2836,-0.5426,-0.036,显著更差
chinese-roberta-wwm-ext,1,f_OT,N/A,0.4653,0.5032,0.2041,0.7175,-0.2756,-0.5508,-0.0128,显著更差
chinese-roberta-wwm-ext,1,f_APD,N/A,0.418,0.4408,0.143,0.6787,-0.2929,-0.5892,-0.0023,显著更差
chinese-roberta-wwm-ext,1,f_PRT,N/A,0.4504,0.4738,0.1945,0.6953,-0.228,-0.4009,-0.0691,显著更差
chinese-roberta-wwm-ext,2,f_SUS,200,0.5552,0.633,0.3876,0.7823,-0.1529,-0.3677,0.0411,区分不开
chinese-roberta-wwm-ext,2,f_OT,N/A,0.5497,0.618,0.3695,0.7731,-0.1607,-0.3834,0.0468,区分不开
chinese-roberta-wwm-ext,2,f_APD,N/A,0.4948,0.5681,0.3108,0.7459,-0.1656,-0.4216,0.0682,区分不开
chinese-roberta-wwm-ext,2,f_PRT,N/A,0.5544,0.5828,0.3284,0.7716,-0.119,-0.2581,0.0149,区分不开
chinese-roberta-wwm-ext,3,f_SUS,10,0.6192,0.679,0.4817,0.8064,-0.1069,-0.2732,0.0726,区分不开
chinese-roberta-wwm-ext,3,f_OT,N/A,0.6346,0.6788,0.4805,0.8064,-0.0999,-0.2703,0.0856,区分不开
chinese-roberta-wwm-ext,3,f_APD,N/A,0.5729,0.6239,0.4054,0.7691,-0.1098,-0.3186,0.0857,区分不开
chinese-roberta-wwm-ext,3,f_PRT,N/A,0.6201,0.6442,0.4049,0.8136,-0.0576,-0.19,0.0746,区分不开
chinese-roberta-wwm-ext,4,f_SUS,200,0.6543,0.7284,0.5559,0.8343,-0.0575,-0.2079,0.113,区分不开
chinese-roberta-wwm-ext,4,f_OT,N/A,0.6653,0.7221,0.5523,0.8248,-0.0566,-0.2068,0.1086,区分不开
chinese-roberta-wwm-ext,4,f_APD,N/A,0.6457,0.6946,0.4779,0.8287,-0.039,-0.2022,0.1338,区分不开
chinese-roberta-wwm-ext,4,f_PRT,N/A,0.5929,0.6228,0.3845,0.795,-0.079,-0.2093,0.0492,区分不开
chinese-roberta-wwm-ext,5,f_SUS,1000,0.6413,0.7121,0.4922,0.8436,-0.0738,-0.2614,0.1171,区分不开
chinese-roberta-wwm-ext,5,f_OT,N/A,0.6679,0.7178,0.547,0.8268,-0.0609,-0.2008,0.095,区分不开
chinese-roberta-wwm-ext,5,f_APD,N/A,0.6605,0.7107,0.4977,0.8398,-0.023,-0.1831,0.1587,区分不开
chinese-roberta-wwm-ext,5,f_PRT,N/A,0.556,0.5936,0.3553,0.7699,-0.1082,-0.2373,0.007,区分不开
chinese-roberta-wwm-ext,6,f_SUS,200,0.6153,0.6841,0.4817,0.8177,-0.1018,-0.237,0.0281,区分不开
chinese-roberta-wwm-ext,6,f_OT,N/A,0.6455,0.6855,0.4845,0.8136,-0.0933,-0.2298,0.0446,区分不开
chinese-roberta-wwm-ext,6,f_APD,N/A,0.6211,0.6499,0.422,0.8011,-0.0838,-0.2613,0.0995,区分不开
chinese-roberta-wwm-ext,6,f_PRT,N/A,0.6045,0.6328,0.4052,0.7952,-0.069,-0.1852,0.0332,区分不开
chinese-roberta-wwm-ext,7,f_SUS,100,0.6428,0.7079,0.4968,0.8375,-0.078,-0.228,0.0666,区分不开
chinese-roberta-wwm-ext,7,f_OT,N/A,0.6689,0.7088,0.4983,0.8356,-0.07,-0.2192,0.0721,区分不开
chinese-roberta-wwm-ext,7,f_APD,N/A,0.6469,0.6773,0.4378,0.8294,-0.0564,-0.2136,0.0986,区分不开
chinese-roberta-wwm-ext,7,f_PRT,N/A,0.6172,0.6567,0.4361,0.8072,-0.0451,-0.1661,0.07,区分不开
chinese-roberta-wwm-ext,8,f_SUS,200,0.6863,0.7432,0.5675,0.8593,-0.0427,-0.1707,0.0849,区分不开
chinese-roberta-wwm-ext,8,f_OT,N/A,0.7012,0.748,0.5758,0.8577,-0.0307,-0.1588,0.0951,区分不开
chinese-roberta-wwm-ext,8,f_APD,N/A,0.6661,0.6933,0.4744,0.8344,-0.0404,-0.194,0.1198,区分不开
chinese-roberta-wwm-ext,8,f_PRT,N/A,0.6651,0.6932,0.4835,0.834,-0.0086,-0.1132,0.1054,区分不开
chinese-roberta-wwm-ext,9,f_SUS,10,0.6635,0.7134,0.5033,0.8499,-0.0725,-0.1704,0.0077,区分不开
chinese-roberta-wwm-ext,9,f_OT,N/A,0.6839,0.7105,0.4996,0.8463,-0.0683,-0.1717,0.0214,区分不开
chinese-roberta-wwm-ext,9,f_APD,N/A,0.6462,0.678,0.4478,0.822,-0.0557,-0.2038,0.1008,区分不开
chinese-roberta-wwm-ext,9,f_PRT,N/A,0.6739,0.6955,0.4732,0.8509,-0.0063,-0.1024,0.0983,区分不开
chinese-roberta-wwm-ext,10,f_SUS,10,0.6964,0.7304,0.5087,0.8686,-0.0555,-0.1482,0.0284,区分不开
chinese-roberta-wwm-ext,10,f_OT,N/A,0.6943,0.7247,0.4915,0.8685,-0.054,-0.1516,0.0348,区分不开
chinese-roberta-wwm-ext,10,f_APD,N/A,0.6537,0.6867,0.4505,0.8321,-0.047,-0.2007,0.0983,区分不开
chinese-roberta-wwm-ext,10,f_PRT,N/A,0.6493,0.6755,0.4323,0.8403,-0.0263,-0.1241,0.0752,区分不开
chinese-roberta-wwm-ext,11,f_SUS,200,0.7118,0.7392,0.5325,0.8691,-0.0467,-0.1247,0.0282,区分不开
chinese-roberta-wwm-ext,11,f_OT,N/A,0.7099,0.7347,0.524,0.8649,-0.044,-0.1307,0.0358,区分不开
chinese-roberta-wwm-ext,11,f_APD,N/A,0.677,0.718,0.5046,0.8469,-0.0157,-0.1557,0.1278,区分不开
chinese-roberta-wwm-ext,11,f_PRT,N/A,0.6771,0.7008,0.4766,0.8503,-0.0011,-0.0821,0.0963,区分不开
chinese-roberta-wwm-ext,12,f_SUS,1000,0.6839,0.7327,0.5436,0.8517,-0.0532,-0.1545,0.0617,区分不开
chinese-roberta-wwm-ext,12,f_OT,N/A,0.6989,0.7318,0.5316,0.8555,-0.047,-0.1362,0.0444,区分不开
chinese-roberta-wwm-ext,12,f_APD,N/A,0.6638,0.7073,0.507,0.8288,-0.0263,-0.1531,0.101,区分不开
chinese-roberta-wwm-ext,12,f_PRT,N/A,0.6302,0.6495,0.4147,0.8076,-0.0523,-0.1383,0.0338,区分不开
chinese-macbert-base,0,f_SUS,200,-0.169,-0.1305,-0.4531,0.1844,-0.9164,-1.2375,-0.5669,显著更差
chinese-macbert-base,0,f_OT,N/A,-0.1713,-0.1813,-0.5041,0.1311,-0.96,-1.2751,-0.6056,显著更差
chinese-macbert-base,0,f_APD,N/A,-0.2345,-0.2447,-0.5488,0.0653,-0.9783,-1.3028,-0.5762,显著更差
chinese-macbert-base,0,f_PRT,N/A,-0.1604,-0.1932,-0.5053,0.1343,-0.895,-1.2067,-0.5263,显著更差
chinese-macbert-base,1,f_SUS,20,0.3909,0.4504,0.1744,0.6573,-0.3355,-0.6108,-0.0622,显著更差
chinese-macbert-base,1,f_OT,N/A,0.4049,0.4505,0.1769,0.6622,-0.3283,-0.6038,-0.0435,显著更差
chinese-macbert-base,1,f_APD,N/A,0.389,0.4,0.108,0.6258,-0.3337,-0.62,-0.0217,显著更差
chinese-macbert-base,1,f_PRT,N/A,0.478,0.4749,0.166,0.7189,-0.2269,-0.4328,-0.0258,显著更差
chinese-macbert-base,2,f_SUS,500,0.5258,0.5936,0.3541,0.7547,-0.1923,-0.4215,0.0303,区分不开
chinese-macbert-base,2,f_OT,N/A,0.5516,0.6073,0.3829,0.7528,-0.1714,-0.3946,0.0537,区分不开
chinese-macbert-base,2,f_APD,N/A,0.4909,0.5414,0.2941,0.7129,-0.1923,-0.4412,0.044,区分不开
chinese-macbert-base,2,f_PRT,N/A,0.5659,0.5907,0.3343,0.7794,-0.1111,-0.2667,0.0376,区分不开
chinese-macbert-base,3,f_SUS,200,0.5957,0.6594,0.457,0.7928,-0.1265,-0.312,0.0737,区分不开
chinese-macbert-base,3,f_OT,N/A,0.6134,0.6523,0.4408,0.7855,-0.1265,-0.3199,0.0787,区分不开
chinese-macbert-base,3,f_APD,N/A,0.5581,0.5867,0.3525,0.7428,-0.147,-0.3665,0.0816,区分不开
chinese-macbert-base,3,f_PRT,N/A,0.6363,0.6649,0.4317,0.8187,-0.0369,-0.1791,0.112,区分不开
chinese-macbert-base,4,f_SUS,200,0.6503,0.7182,0.5356,0.8298,-0.0677,-0.2318,0.1155,区分不开
chinese-macbert-base,4,f_OT,N/A,0.6574,0.7087,0.5274,0.8236,-0.0701,-0.2391,0.1215,区分不开
chinese-macbert-base,4,f_APD,N/A,0.6181,0.6578,0.4388,0.7992,-0.0759,-0.2604,0.126,区分不开
chinese-macbert-base,4,f_PRT,N/A,0.58,0.5999,0.3655,0.7771,-0.1019,-0.239,0.0381,区分不开
chinese-macbert-base,5,f_SUS,200,0.6466,0.7069,0.5162,0.8316,-0.079,-0.2473,0.0993,区分不开
chinese-macbert-base,5,f_OT,N/A,0.6596,0.7093,0.5177,0.8331,-0.0694,-0.238,0.1119,区分不开
chinese-macbert-base,5,f_APD,N/A,0.6191,0.65,0.4099,0.815,-0.0837,-0.2853,0.1221,区分不开
chinese-macbert-base,5,f_PRT,N/A,0.5846,0.6001,0.3613,0.7727,-0.1017,-0.2415,0.0371,区分不开
chinese-macbert-base,6,f_SUS,100,0.61,0.6439,0.404,0.8076,-0.142,-0.3473,0.0491,区分不开
chinese-macbert-base,6,f_OT,N/A,0.6289,0.6498,0.4175,0.8082,-0.129,-0.3321,0.0649,区分不开
chinese-macbert-base,6,f_APD,N/A,0.595,0.604,0.3243,0.7916,-0.1297,-0.3563,0.0833,区分不开
chinese-macbert-base,6,f_PRT,N/A,0.5383,0.5706,0.3228,0.7503,-0.1312,-0.2684,-0.0127,显著更差
chinese-macbert-base,7,f_SUS,10,0.6425,0.6733,0.4324,0.8287,-0.1126,-0.3142,0.0781,区分不开
chinese-macbert-base,7,f_OT,N/A,0.6481,0.6753,0.4385,0.8235,-0.1035,-0.2965,0.0865,区分不开
chinese-macbert-base,7,f_APD,N/A,0.568,0.5711,0.2925,0.7646,-0.1626,-0.3889,0.0435,区分不开
chinese-macbert-base,7,f_PRT,N/A,0.6156,0.6288,0.4036,0.7805,-0.073,-0.2073,0.0586,区分不开
chinese-macbert-base,8,f_SUS,10,0.6088,0.6475,0.4033,0.8212,-0.1384,-0.3013,0.0006,区分不开
chinese-macbert-base,8,f_OT,N/A,0.6347,0.6566,0.4226,0.8115,-0.1221,-0.2845,0.0202,区分不开
chinese-macbert-base,8,f_APD,N/A,0.5763,0.5827,0.2979,0.7647,-0.151,-0.3653,0.0432,区分不开
chinese-macbert-base,8,f_PRT,N/A,0.6469,0.6621,0.4408,0.8146,-0.0397,-0.1623,0.0879,区分不开
chinese-macbert-base,9,f_SUS,200,0.5865,0.6301,0.3795,0.8033,-0.1558,-0.2899,-0.0588,显著更差
chinese-macbert-base,9,f_OT,N/A,0.6013,0.6358,0.3861,0.8037,-0.1429,-0.2786,-0.039,显著更差
chinese-macbert-base,9,f_APD,N/A,0.5299,0.5458,0.2278,0.7399,-0.1879,-0.394,-0.0207,显著更差
chinese-macbert-base,9,f_PRT,N/A,0.5759,0.5538,0.2808,0.7518,-0.148,-0.2843,-0.0147,显著更差
chinese-macbert-base,10,f_SUS,10,0.5441,0.5816,0.3135,0.7698,-0.2043,-0.3694,-0.0629,显著更差
chinese-macbert-base,10,f_OT,N/A,0.5507,0.5747,0.3078,0.7635,-0.2041,-0.3657,-0.057,显著更差
chinese-macbert-base,10,f_APD,N/A,0.4603,0.4737,0.1693,0.7081,-0.26,-0.5003,-0.0534,显著更差
chinese-macbert-base,10,f_PRT,N/A,0.489,0.454,0.163,0.6736,-0.2478,-0.4156,-0.0827,显著更差
chinese-macbert-base,11,f_SUS,50,0.6218,0.655,0.3997,0.8225,-0.1309,-0.2571,-0.0313,显著更差
chinese-macbert-base,11,f_OT,N/A,0.6365,0.6561,0.4028,0.8192,-0.1227,-0.25,-0.0191,显著更差
chinese-macbert-base,11,f_APD,N/A,0.602,0.6123,0.327,0.807,-0.1214,-0.3043,0.0322,区分不开
chinese-macbert-base,11,f_PRT,N/A,0.5984,0.5862,0.3141,0.7733,-0.1156,-0.2355,0.0049,区分不开
chinese-macbert-base,12,f_SUS,200,0.5864,0.6348,0.3663,0.801,-0.1511,-0.2916,-0.0423,显著更差
chinese-macbert-base,12,f_OT,N/A,0.6027,0.6256,0.3602,0.7972,-0.1531,-0.3039,-0.0262,显著更差
chinese-macbert-base,12,f_APD,N/A,0.5992,0.6084,0.3276,0.8023,-0.1252,-0.3056,0.018,区分不开
chinese-macbert-base,12,f_PRT,N/A,0.574,0.5594,0.2874,0.7585,-0.1424,-0.2701,-0.0147,显著更差
xlm-roberta-large,0,f_SUS,50,0.0632,0.1225,-0.1906,0.4222,-0.6634,-0.9963,-0.2933,显著更差
xlm-roberta-large,0,f_OT,N/A,0.0861,0.1182,-0.1811,0.4067,-0.6606,-0.9832,-0.293,显著更差
xlm-roberta-large,0,f_APD,N/A,-0.0448,-0.0435,-0.3552,0.2831,-0.7772,-1.1291,-0.3622,显著更差
xlm-roberta-large,0,f_PRT,N/A,-0.0791,-0.1256,-0.4391,0.1986,-0.8274,-1.1643,-0.4268,显著更差
xlm-roberta-large,1,f_SUS,200,0.1359,0.164,-0.1668,0.4715,-0.6219,-0.9381,-0.294,显著更差
xlm-roberta-large,1,f_OT,N/A,0.1391,0.1364,-0.1944,0.4471,-0.6423,-0.9764,-0.2885,显著更差
xlm-roberta-large,1,f_APD,N/A,0.0649,0.0723,-0.2569,0.4148,-0.6614,-0.9919,-0.3031,显著更差
xlm-roberta-large,1,f_PRT,N/A,0.1239,0.0894,-0.2251,0.3815,-0.6124,-0.9417,-0.2628,显著更差
xlm-roberta-large,2,f_SUS,100,0.4766,0.5077,0.2152,0.7308,-0.2782,-0.5811,0.0178,区分不开
xlm-roberta-large,2,f_OT,N/A,0.4529,0.4712,0.1811,0.7009,-0.3076,-0.6159,-0.0053,显著更差
xlm-roberta-large,2,f_APD,N/A,0.2815,0.3044,-0.0118,0.5915,-0.4293,-0.7263,-0.1163,显著更差
xlm-roberta-large,2,f_PRT,N/A,0.3655,0.36,0.06,0.6105,-0.3418,-0.613,-0.0702,显著更差
xlm-roberta-large,3,f_SUS,100,0.5451,0.5715,0.2871,0.7672,-0.2144,-0.4777,0.046,区分不开
xlm-roberta-large,3,f_OT,N/A,0.5306,0.5537,0.2694,0.752,-0.2251,-0.485,0.0335,区分不开
xlm-roberta-large,3,f_APD,N/A,0.2952,0.3314,0.0199,0.5899,-0.4023,-0.6811,-0.1234,显著更差
xlm-roberta-large,3,f_PRT,N/A,0.4739,0.4651,0.1771,0.6873,-0.2367,-0.4982,0.011,区分不开
xlm-roberta-large,4,f_SUS,100,0.6061,0.6498,0.3959,0.822,-0.1361,-0.3686,0.0808,区分不开
xlm-roberta-large,4,f_OT,N/A,0.618,0.6573,0.4205,0.8162,-0.1214,-0.3458,0.0988,区分不开
xlm-roberta-large,4,f_APD,N/A,0.4493,0.4945,0.2288,0.6989,-0.2392,-0.4865,-0.0041,显著更差
xlm-roberta-large,4,f_PRT,N/A,0.5376,0.5332,0.2735,0.7457,-0.1686,-0.3713,0.0277,区分不开
xlm-roberta-large,5,f_SUS,50,0.6273,0.6692,0.4147,0.835,-0.1167,-0.3456,0.0832,区分不开
xlm-roberta-large,5,f_OT,N/A,0.6234,0.663,0.4113,0.8289,-0.1157,-0.3416,0.0928,区分不开
xlm-roberta-large,5,f_APD,N/A,0.523,0.5562,0.3012,0.7406,-0.1775,-0.4181,0.0338,区分不开
xlm-roberta-large,5,f_PRT,N/A,0.5516,0.5496,0.2879,0.76,-0.1522,-0.353,0.0443,区分不开
xlm-roberta-large,6,f_SUS,200,0.6294,0.6578,0.3928,0.8466,-0.1281,-0.3826,0.1029,区分不开
xlm-roberta-large,6,f_OT,N/A,0.635,0.6629,0.4001,0.8473,-0.1158,-0.3628,0.1093,区分不开
xlm-roberta-large,6,f_APD,N/A,0.5735,0.6041,0.3287,0.7952,-0.1295,-0.3812,0.0982,区分不开
xlm-roberta-large,6,f_PRT,N/A,0.5917,0.5902,0.3281,0.7853,-0.1116,-0.299,0.079,区分不开
xlm-roberta-large,7,f_SUS,200,0.6565,0.6789,0.4197,0.8624,-0.107,-0.3408,0.1052,区分不开
xlm-roberta-large,7,f_OT,N/A,0.6674,0.6813,0.4306,0.8599,-0.0975,-0.3316,0.1118,区分不开
xlm-roberta-large,7,f_APD,N/A,0.6026,0.629,0.3516,0.821,-0.1047,-0.3591,0.1249,区分不开
xlm-roberta-large,7,f_PRT,N/A,0.6335,0.6331,0.3843,0.8135,-0.0687,-0.2227,0.108,区分不开
xlm-roberta-large,8,f_SUS,10,0.638,0.6741,0.4148,0.8591,-0.1118,-0.3438,0.0935,区分不开
xlm-roberta-large,8,f_OT,N/A,0.6636,0.6762,0.4208,0.8585,-0.1025,-0.3365,0.1096,区分不开
xlm-roberta-large,8,f_APD,N/A,0.6179,0.6452,0.3822,0.8356,-0.0885,-0.3285,0.1261,区分不开
xlm-roberta-large,8,f_PRT,N/A,0.6357,0.6475,0.4136,0.8142,-0.0543,-0.1982,0.11,区分不开
xlm-roberta-large,9,f_SUS,10,0.6658,0.6772,0.4133,0.8661,-0.1087,-0.3348,0.0897,区分不开
xlm-roberta-large,9,f_OT,N/A,0.6754,0.6772,0.4133,0.8661,-0.1016,-0.3373,0.1084,区分不开
xlm-roberta-large,9,f_APD,N/A,0.6363,0.6468,0.3792,0.8295,-0.0869,-0.3324,0.1295,区分不开
xlm-roberta-large,9,f_PRT,N/A,0.6517,0.6676,0.4409,0.8319,-0.0342,-0.1628,0.1202,区分不开
xlm-roberta-large,10,f_SUS,200,0.6764,0.6909,0.4152,0.8878,-0.095,-0.3309,0.1104,区分不开
xlm-roberta-large,10,f_OT,N/A,0.696,0.6838,0.4069,0.8807,-0.095,-0.3176,0.1017,区分不开
xlm-roberta-large,10,f_APD,N/A,0.6563,0.6672,0.3864,0.8504,-0.0664,-0.3055,0.151,区分不开
xlm-roberta-large,10,f_PRT,N/A,0.6641,0.6778,0.446,0.8414,-0.024,-0.1533,0.1363,区分不开
xlm-roberta-large,11,f_SUS,200,0.7065,0.7051,0.4381,0.8824,-0.0808,-0.2785,0.0861,区分不开
xlm-roberta-large,11,f_OT,N/A,0.6991,0.6834,0.4086,0.8773,-0.0954,-0.3073,0.0796,区分不开
xlm-roberta-large,11,f_APD,N/A,0.6681,0.6709,0.4,0.8511,-0.0628,-0.2656,0.1261,区分不开
xlm-roberta-large,11,f_PRT,N/A,0.665,0.6761,0.4504,0.8364,-0.0257,-0.147,0.1063,区分不开
xlm-roberta-large,12,f_SUS,200,0.7328,0.7525,0.5187,0.9015,-0.0334,-0.198,0.1,区分不开
xlm-roberta-large,12,f_OT,N/A,0.7678,0.7593,0.5534,0.9007,-0.0195,-0.1436,0.0939,区分不开
xlm-roberta-large,12,f_APD,N/A,0.6583,0.6672,0.4038,0.8409,-0.0664,-0.2659,0.1408,区分不开
xlm-roberta-large,12,f_PRT,N/A,0.5537,0.586,0.3075,0.7763,-0.1158,-0.3149,0.0521,区分不开
xlm-roberta-large,13,f_SUS,500,0.7497,0.778,0.5883,0.8941,-0.0079,-0.1448,0.1435,区分不开
xlm-roberta-large,13,f_OT,N/A,0.7515,0.7679,0.5709,0.8866,-0.0109,-0.1135,0.0959,区分不开
xlm-roberta-large,13,f_APD,N/A,0.544,0.5791,0.3045,0.7795,-0.1545,-0.4037,0.0718,区分不开
xlm-roberta-large,13,f_PRT,N/A,0.5474,0.5726,0.2906,0.7786,-0.1292,-0.3396,0.0552,区分不开
xlm-roberta-large,14,f_SUS,200,0.7011,0.7445,0.5341,0.8809,-0.0414,-0.1841,0.0803,区分不开
xlm-roberta-large,14,f_OT,N/A,0.719,0.7397,0.532,0.8754,-0.039,-0.1604,0.0689,区分不开
xlm-roberta-large,14,f_APD,N/A,0.5143,0.5579,0.2719,0.7607,-0.1758,-0.4133,0.0503,区分不开
xlm-roberta-large,14,f_PRT,N/A,0.5168,0.552,0.2544,0.7539,-0.1498,-0.3637,0.0333,区分不开
xlm-roberta-large,15,f_SUS,500,0.6878,0.7315,0.5153,0.8719,-0.0544,-0.214,0.0878,区分不开
xlm-roberta-large,15,f_OT,N/A,0.7159,0.7353,0.5254,0.871,-0.0434,-0.1564,0.0545,区分不开
xlm-roberta-large,15,f_APD,N/A,0.4253,0.4608,0.1668,0.6911,-0.2729,-0.5397,-0.0154,显著更差
xlm-roberta-large,15,f_PRT,N/A,0.4847,0.5223,0.2232,0.7376,-0.1795,-0.4168,0.015,区分不开
xlm-roberta-large,16,f_SUS,20,0.675,0.7369,0.5315,0.8709,-0.049,-0.1778,0.0649,区分不开
xlm-roberta-large,16,f_OT,N/A,0.7106,0.7384,0.5326,0.8716,-0.0404,-0.1703,0.0749,区分不开
xlm-roberta-large,16,f_APD,N/A,0.4974,0.5484,0.2459,0.7721,-0.1853,-0.4515,0.0699,区分不开
xlm-roberta-large,16,f_PRT,N/A,0.5119,0.5378,0.2422,0.7545,-0.164,-0.3913,0.0357,区分不开
xlm-roberta-large,17,f_SUS,10,0.6809,0.721,0.4892,0.8725,-0.0649,-0.2086,0.0376,区分不开
xlm-roberta-large,17,f_OT,N/A,0.7164,0.7338,0.5099,0.8739,-0.045,-0.1672,0.0517,区分不开
xlm-roberta-large,17,f_APD,N/A,0.502,0.5536,0.2584,0.7585,-0.1801,-0.4214,0.0364,区分不开
xlm-roberta-large,17,f_PRT,N/A,0.5002,0.5248,0.2175,0.7503,-0.177,-0.418,0.029,区分不开
xlm-roberta-large,18,f_SUS,500,0.6841,0.7256,0.4903,0.8721,-0.0603,-0.2515,0.1168,区分不开
xlm-roberta-large,18,f_OT,N/A,0.7079,0.7172,0.4926,0.866,-0.0616,-0.2089,0.0555,区分不开
xlm-roberta-large,18,f_APD,N/A,0.5278,0.5777,0.281,0.7718,-0.156,-0.4019,0.0726,区分不开
xlm-roberta-large,18,f_PRT,N/A,0.5179,0.5521,0.263,0.7629,-0.1497,-0.3875,0.0482,区分不开
xlm-roberta-large,19,f_SUS,50,0.6791,0.7001,0.4487,0.8701,-0.0858,-0.2384,0.0356,区分不开
xlm-roberta-large,19,f_OT,N/A,0.6995,0.6937,0.4386,0.8677,-0.0851,-0.2404,0.044,区分不开
xlm-roberta-large,19,f_APD,N/A,0.4895,0.5251,0.2301,0.7348,-0.2086,-0.4352,-0.0017,显著更差
xlm-roberta-large,19,f_PRT,N/A,0.4959,0.5165,0.212,0.7456,-0.1853,-0.4167,0.0219,区分不开
xlm-roberta-large,20,f_SUS,200,0.6907,0.6986,0.4342,0.8735,-0.0873,-0.269,0.0551,区分不开
xlm-roberta-large,20,f_OT,N/A,0.7131,0.7016,0.4472,0.8705,-0.0771,-0.2323,0.0558,区分不开
xlm-roberta-large,20,f_APD,N/A,0.5788,0.5912,0.306,0.7826,-0.1425,-0.3327,0.0276,区分不开
xlm-roberta-large,20,f_PRT,N/A,0.5698,0.5774,0.2905,0.7823,-0.1244,-0.336,0.0661,区分不开
xlm-roberta-large,21,f_SUS,10,0.7109,0.7173,0.4705,0.8886,-0.0686,-0.2156,0.0563,区分不开
xlm-roberta-large,21,f_OT,N/A,0.7333,0.7224,0.4836,0.8897,-0.0563,-0.1969,0.0691,区分不开
xlm-roberta-large,21,f_APD,N/A,0.6268,0.6351,0.3536,0.8225,-0.0986,-0.2828,0.0708,区分不开
xlm-roberta-large,21,f_PRT,N/A,0.5603,0.5745,0.2957,0.7694,-0.1273,-0.3203,0.0369,区分不开
xlm-roberta-large,22,f_SUS,100,0.641,0.6751,0.4151,0.8517,-0.1108,-0.2693,0.0255,区分不开
xlm-roberta-large,22,f_OT,N/A,0.6725,0.6698,0.4141,0.8478,-0.1089,-0.274,0.0362,区分不开
xlm-roberta-large,22,f_APD,N/A,0.5385,0.5389,0.2361,0.7499,-0.1948,-0.422,0.0085,区分不开
xlm-roberta-large,22,f_PRT,N/A,0.4976,0.4962,0.1901,0.7217,-0.2056,-0.4396,-0.0007,显著更差
xlm-roberta-large,23,f_SUS,200,0.6681,0.6804,0.4347,0.848,-0.1055,-0.2559,0.0254,区分不开
xlm-roberta-large,23,f_OT,N/A,0.6605,0.6629,0.4107,0.8393,-0.1159,-0.2746,0.0236,区分不开
xlm-roberta-large,23,f_APD,N/A,0.505,0.5194,0.2181,0.7337,-0.2143,-0.4415,-0.0059,显著更差
xlm-roberta-large,23,f_PRT,N/A,0.4936,0.495,0.1941,0.7211,-0.2068,-0.436,0.0008,区分不开
xlm-roberta-large,24,f_SUS,20,0.6127,0.6053,0.328,0.8065,-0.1806,-0.386,-0.0059,显著更差
xlm-roberta-large,24,f_OT,N/A,0.594,0.5956,0.3128,0.7921,-0.1832,-0.3842,-0.0094,显著更差
xlm-roberta-large,24,f_APD,N/A,0.4175,0.4204,0.1006,0.6735,-0.3133,-0.5799,-0.0597,显著更差
xlm-roberta-large,24,f_PRT,N/A,0.4331,0.44,0.1285,0.6825,-0.2618,-0.5117,-0.0426,显著更差
